sku_id,product_family,n_weeks,total_demand,mean_demand,std_demand,pct_zero_weeks,stockout_rate,latest_on_hand,adi,cv2,sb_class,nz_mean,nz_std,latest_lead_time_days,latest_supplier_id,latest_unit_cost,inventory_value,weeks_of_supply,paradox_tag
CB-1001,Trip Unit,104,553.0,5.3173076923076925,11.871696309442456,78.84615384615384,0.09615384615384616,45,4.7272727272727275,0.2558623192907991,Intermittent,25.136363636363637,13.013895337733121,28,SUP-101,154.9,6970.5,8.462929475587703,Overstocked / slow-moving
CB-1002,Terminal Block,104,5971.0,57.41346153846154,23.66580039402362,0.0,0.04807692307692308,65,1.0,0.16827469653820856,Smooth,57.41346153846154,23.66580039402362,21,SUP-102,19.22,1249.3,1.1321386702394909,Reasonably balanced
CB-1003,Contact Assembly,104,850.0,8.173076923076923,16.59362511099134,74.03846153846155,0.08653846153846154,0,3.8518518518518516,0.3194685121107267,Intermittent,31.48148148148148,18.132780283170057,35,SUP-103,142.03,0.0,0.0,Reasonably balanced
CB-1004,Molded Case,104,13853.0,133.20192307692307,24.99762311329647,0.0,0.057692307692307696,510,1.0,0.03488030930872897,Smooth,133.20192307692307,24.99762311329647,35,SUP-104,82.44,42044.4,3.8287735508554106,Reasonably balanced
CB-1005,Trip Unit,104,6388.0,61.42307692307692,10.91511138101874,0.0,0.009615384615384616,235,1.0,0.03127498373790243,Smooth,61.42307692307692,10.91511138101874,14,SUP-105,116.79,27445.65,3.82592360676268,Reasonably balanced
CB-1006,Terminal Block,104,937.0,9.009615384615385,16.354979166601073,69.23076923076923,0.08653846153846154,11,3.25,0.3118640863173984,Intermittent,29.28125,16.613702807253475,42,SUP-106,81.21,893.31,1.2209178228388473,Reasonably balanced
CB-1007,Contact Assembly,104,13014.0,125.13461538461539,23.124843822010615,0.0,0.0,425,1.0,0.03382256778758599,Smooth,125.13461538461539,23.124843822010615,7,SUP-107,13.83,5877.75,3.396342400491778,Reasonably balanced
CB-1008,Molded Case,104,1233.0,11.85576923076923,19.515201079900436,66.34615384615384,0.10576923076923077,0,2.9714285714285715,0.23961628348294312,Intermittent,35.22857142857143,17.49636216690859,28,SUP-108,114.62,0.0,0.0,Reasonably balanced
CB-1009,Trip Unit,104,723.0,6.951923076923077,15.26744096263101,78.84615384615384,0.07692307692307693,43,4.7272727272727275,0.22199074472623473,Intermittent,32.86363636363637,15.84837517447753,35,SUP-109,174.8,7516.400000000001,6.185338865836791,Overstocked / slow-moving
CB-1010,Terminal Block,104,764.0,7.346153846153846,14.906028773665518,75.0,0.07692307692307693,0,4.0,0.2694073627367672,Intermittent,29.384615384615383,15.55397549972848,21,SUP-110,140.66,0.0,0.0,Reasonably balanced
CB-1011,Contact Assembly,104,12641.0,121.54807692307692,22.78940300819119,0.0,0.04807692307692308,413,1.0,0.03481557710224773,Smooth,121.54807692307692,22.78940300819119,21,SUP-111,10.28,4245.639999999999,3.3978324499644015,Reasonably balanced
CB-1012,Molded Case,104,13343.5,128.3028846153846,24.29585228388066,0.0,0.028846153846153848,418,1.0,0.03551365087830202,Smooth,128.3028846153846,24.29585228388066,21,SUP-100,123.74,51723.32,3.257915839172631,Reasonably balanced
CB-1013,Trip Unit,104,8199.5,78.84134615384616,33.186678841655855,1.9230769230769231,0.038461538461538464,24,1.0196078431372548,0.15287294422850145,Smooth,80.38725490196079,31.58580227350754,21,SUP-101,60.33,1447.92,0.3044088054149643,Reasonably balanced
CB-1014,Terminal Block,104,9125.0,87.74038461538461,14.638687399581753,0.0,0.07692307692307693,51,1.0,0.027568243197598048,Smooth,87.74038461538461,14.638687399581753,42,SUP-102,85.85,4378.349999999999,0.5812602739726027,Reasonably balanced
CB-1015,Contact Assembly,104,12957.0,124.58653846153847,22.253879590612005,0.0,0.038461538461538464,508,1.0,0.031598983652084356,Smooth,124.58653846153847,22.253879590612005,21,SUP-103,86.94,44165.52,4.077487072624836,Reasonably balanced
CB-1016,Molded Case,104,11752.0,113.0,22.12058743228837,0.0,0.019230769230769232,434,1.0,0.037952493117345505,Smooth,113.0,22.12058743228837,7,SUP-104,121.39,52683.26,3.84070796460177,Reasonably balanced
CB-1017,Trip Unit,104,5888.0,56.61538461538461,10.089221098524236,0.0,0.0,186,1.0,0.03145214289933837,Smooth,56.61538461538461,10.089221098524236,7,SUP-105,126.8,23584.8,3.285326086956522,Reasonably balanced
CB-1018,Terminal Block,104,12010.0,115.48076923076923,22.478028439107728,0.0,0.07692307692307693,481,1.0,0.0375232962262228,Smooth,115.48076923076923,22.478028439107728,35,SUP-106,150.23,72260.62999999999,4.1651956702747714,Reasonably balanced
CB-1019,Contact Assembly,104,940.0,9.038461538461538,16.96193515528516,75.0,0.09615384615384616,10,4.0,0.12197827071072885,Intermittent,36.15384615384615,12.87693226725157,42,SUP-107,53.68,536.8,1.1063829787234043,Reasonably balanced
CB-1020,Molded Case,104,4427.0,42.56730769230769,16.906231644256522,0.9615384615384616,0.04807692307692308,34,1.0097087378640777,0.14510553425243541,Smooth,42.980582524271846,16.452534569937413,21,SUP-108,27.31,928.54,0.7987350350124237,Reasonably balanced
CB-1021,Trip Unit,104,8176.0,78.61538461538461,15.306770944384013,0.0,0.0673076923076923,302,1.0,0.037545333389501424,Smooth,78.61538461538461,15.306770944384013,35,SUP-109,142.18,42938.36,3.8414872798434443,Reasonably balanced
CB-1022,Terminal Block,104,4618.0,44.40384615384615,17.326963795883817,0.0,0.0,137,1.0,0.1508021879849145,Smooth,44.40384615384615,17.326963795883817,7,SUP-110,127.67,17490.79,3.0853183196188825,Reasonably balanced
CB-1023,Contact Assembly,104,821.0,7.894230769230769,17.050421097342845,76.92307692307693,0.04807692307692308,12,4.333333333333333,0.2969537461371043,Intermittent,34.208333333333336,19.04223947066025,28,SUP-111,103.45,1241.4,1.5200974421437272,Reasonably balanced
CB-1024,Molded Case,104,6028.0,57.96153846153846,9.856172554089245,0.0,0.028846153846153848,15,1.0,0.02863786734676355,Smooth,57.96153846153846,9.856172554089245,21,SUP-100,22.83,342.45,0.258792302587923,Reasonably balanced
CB-1025,Trip Unit,104,9177.0,88.24038461538461,33.43287585895281,0.0,0.057692307692307696,109,1.0,0.14217281813817675,Smooth,88.24038461538461,33.43287585895281,28,SUP-101,102.83,11208.47,1.2352620682140134,Reasonably balanced
CB-1026,Terminal Block,104,921.0,8.85576923076923,16.589514918398965,73.07692307692307,0.08653846153846154,36,3.7142857142857144,0.20494529267036138,Intermittent,32.892857142857146,15.164137238928506,21,SUP-102,115.16,4145.76,4.06514657980456,Reasonably balanced
CB-1027,Contact Assembly,104,6591.0,63.375,22.640794653109502,0.0,0.0,132,1.0,0.12640122191608483,Smooth,63.375,22.640794653109502,7,SUP-103,56.45,7451.400000000001,2.0828402366863905,Reasonably balanced
CB-1028,Molded Case,104,11888.0,114.3076923076923,20.208177198619723,0.0,0.028846153846153848,107,1.0,0.030953321172577077,Smooth,114.3076923076923,20.208177198619723,28,SUP-104,80.02,8562.14,0.9360699865410498,Reasonably balanced
CB-1029,Trip Unit,104,9023.0,86.75961538461539,16.600090766103293,0.0,0.0,202,1.0,0.036256808658808315,Smooth,86.75961538461539,16.600090766103293,14,SUP-105,153.98,31103.96,2.32827219328383,Reasonably balanced
CB-1030,Terminal Block,104,10905.0,104.85576923076923,19.98903498898555,0.0,0.028846153846153848,75,1.0,0.03599174312100188,Smooth,104.85576923076923,19.98903498898555,21,SUP-106,12.85,963.75,0.7152682255845942,Reasonably balanced
CB-1031,Contact Assembly,104,5970.0,57.40384615384615,10.866818856214156,0.0,0.07692307692307693,57,1.0,0.035491696337634576,Smooth,57.40384615384615,10.866818856214156,42,SUP-107,119.99,6839.429999999999,0.992964824120603,Reasonably balanced
CB-1032,Molded Case,104,5466.0,52.55769230769231,18.7848456392597,0.0,0.019230769230769232,168,1.0,0.12651632571721352,Smooth,52.55769230769231,18.7848456392597,14,SUP-108,141.64,23795.519999999997,3.1964873765093307,Reasonably balanced
CB-1033,Trip Unit,104,3320.0,31.923076923076923,12.367112908951839,0.0,0.057692307692307696,73,1.0,0.1486384090579184,Smooth,31.923076923076923,12.367112908951839,21,SUP-109,146.99,10730.27,2.2867469879518074,Reasonably balanced
CB-1034,Terminal Block,104,8930.0,85.86538461538461,15.992144729663947,0.0,0.04807692307692308,332,1.0,0.03435429726540506,Smooth,85.86538461538461,15.992144729663947,21,SUP-110,6.53,2167.96,3.8665173572228446,Reasonably balanced
CB-1035,Contact Assembly,104,13165.0,126.58653846153847,23.77304117967546,0.0,0.0673076923076923,450,1.0,0.034929978829282546,Smooth,126.58653846153847,23.77304117967546,35,SUP-111,84.48,38016.0,3.554880364603114,Reasonably balanced
CB-1036,Molded Case,104,5825.0,56.00961538461539,10.701143385337263,0.0,0.057692307692307696,7,1.0,0.03615256129234282,Smooth,56.00961538461539,10.701143385337263,35,SUP-100,91.44,640.0799999999999,0.12497854077253219,Reasonably balanced
CB-1037,Trip Unit,104,6742.0,64.82692307692308,12.145111532215244,0.0,0.057692307692307696,0,1.0,0.03476130581738722,Smooth,64.82692307692308,12.145111532215244,21,SUP-101,81.69,0.0,0.0,Reasonably balanced
CB-1038,Terminal Block,104,5839.0,56.14423076923077,9.598157457918953,0.0,0.0673076923076923,185,1.0,0.028944720086610167,Smooth,56.14423076923077,9.598157457918953,35,SUP-102,56.02,10363.7,3.295084774790204,Reasonably balanced
CB-1039,Contact Assembly,104,4286.0,41.21153846153846,16.945184656622953,0.9615384615384616,0.019230769230769232,216,1.0097087378640777,0.15621447293154486,Smooth,41.61165048543689,16.527002865606917,28,SUP-103,18.06,3900.9599999999996,5.241250583294447,Reasonably balanced
CB-1040,Molded Case,104,6765.0,65.04807692307692,11.992214147077481,0.0,0.019230769230769232,240,1.0,0.03366151919934841,Smooth,65.04807692307692,11.992214147077481,21,SUP-104,173.24,41577.600000000006,3.689578713968958,Reasonably balanced
CB-1041,Trip Unit,104,716.0,6.884615384615385,14.699783825309437,77.88461538461539,0.07692307692307693,0,4.521739130434782,0.21968337442651603,Intermittent,31.130434782608695,14.918884761591407,21,SUP-105,49.69,0.0,0.0,Reasonably balanced
CB-1042,Terminal Block,104,780.0,7.5,14.833051522722094,72.11538461538461,0.0673076923076923,0,3.586206896551724,0.35905325443786984,Intermittent,26.896551724137932,16.40197032499059,35,SUP-106,140.73,0.0,0.0,Reasonably balanced
CB-1043,Contact Assembly,104,3397.0,32.66346153846154,12.007773030172473,0.0,0.09615384615384616,27,1.0,0.13384569615833608,Smooth,32.66346153846154,12.007773030172473,35,SUP-107,50.82,1372.14,0.8266117162201942,Reasonably balanced
CB-1044,Molded Case,104,8922.0,85.78846153846153,16.466897112776838,0.0,0.028846153846153848,354,1.0,0.036489647683093325,Smooth,85.78846153846153,16.466897112776838,21,SUP-108,162.71,57599.340000000004,4.126429051782112,Reasonably balanced
CB-1045,Trip Unit,104,6391.0,61.45192307692308,23.782134033313564,0.0,0.07692307692307693,182,1.0,0.1483319047985475,Smooth,61.45192307692308,23.782134033313564,35,SUP-109,56.81,10339.42,2.9616648411829134,Reasonably balanced
CB-1046,Terminal Block,104,5647.0,54.29807692307692,17.398738827016295,0.0,0.019230769230769232,0,1.0,0.10168819216918494,Smooth,54.29807692307692,17.398738827016295,14,SUP-110,33.88,0.0,0.0,Reasonably balanced
CB-1047,Contact Assembly,104,597.0,5.740384615384615,14.535524071900864,83.65384615384616,0.11538461538461539,24,6.117647058823529,0.2014651706326159,Intermittent,35.11764705882353,16.247624260723384,7,SUP-111,130.2,3124.7999999999997,4.180904522613066,Chronic stockouts
CB-1048,Molded Case,104,6814.0,65.51923076923077,12.267235364180845,0.0,0.07692307692307693,210,1.0,0.03471839991026607,Smooth,65.51923076923077,12.267235364180845,35,SUP-100,113.85,23908.5,3.2051658350454946,Reasonably balanced
CB-1049,Trip Unit,104,9733.0,93.58653846153847,36.419777667870896,0.0,0.009615384615384616,239,1.0,0.1499863366157722,Smooth,93.58653846153847,36.419777667870896,7,SUP-101,17.49,4180.11,2.5537860885646766,Reasonably balanced
CB-1050,Terminal Block,104,6085.0,58.50961538461539,23.746229212074542,0.9615384615384616,0.20192307692307693,0,1.0097087378640777,0.15194787078966893,Smooth,59.077669902912625,23.141376795852374,56,SUP-777,9.89,0.0,0.0,Chronic stockouts
CB-1051,Contact Assembly,104,2591.0,24.91346153846154,10.352158985854556,0.0,0.009615384615384616,7,1.0,0.17100058823695896,Smooth,24.91346153846154,10.352158985854556,14,SUP-103,28.15,197.04999999999998,0.28097259745272096,Reasonably balanced
CB-1052,Molded Case,104,8217.0,79.00961538461539,14.235532729183145,0.0,0.009615384615384616,281,1.0,0.03215077442765852,Smooth,79.00961538461539,14.235532729183145,14,SUP-104,106.81,30013.61,3.5565291468905924,Reasonably balanced
CB-1053,Trip Unit,104,8355.0,80.33653846153847,13.802075668383642,0.0,0.009615384615384616,259,1.0,0.029232534011211782,Smooth,80.33653846153847,13.802075668383642,14,SUP-105,105.64,27360.76,3.2239377618192697,Reasonably balanced
CB-1054,Terminal Block,104,12756.0,122.65384615384616,23.90790145650118,0.0,0.09615384615384616,113,1.0,0.03762915423146811,Smooth,122.65384615384616,23.90790145650118,42,SUP-106,107.39,12135.07,0.9212919410473502,Reasonably balanced
CB-1055,Contact Assembly,104,9519.0,91.52884615384616,16.904619194528582,0.0,0.0,249,1.0,0.03378303742728244,Smooth,91.52884615384616,16.904619194528582,7,SUP-107,88.11,21939.39,2.7204538291837377,Reasonably balanced
CB-1056,Molded Case,104,433.0,4.163461538461538,11.916465378824377,87.5,0.04807692307692308,30,8.0,0.13914416312423664,Intermittent,33.30769230769231,12.931773630510598,42,SUP-108,17.18,515.4,7.205542725173211,Overstocked / slow-moving
CB-1057,Trip Unit,104,3132.0,30.115384615384617,11.903583283879934,0.0,0.125,48,1.0,0.15473283650497724,Smooth,30.115384615384617,11.903583283879934,35,SUP-109,168.96,8110.08,1.5938697318007662,Chronic stockouts
CB-1058,Terminal Block,104,2275.0,21.875,8.463155439905377,0.9615384615384616,0.057692307692307696,40,1.0097087378640777,0.13720159401038529,Smooth,22.0873786407767,8.221333792981392,21,SUP-110,86.54,3461.6000000000004,1.8285714285714285,Reasonably balanced
CB-1059,Contact Assembly,104,6866.5,66.02403846153847,11.351057392191988,0.0,0.0673076923076923,10,1.0,0.02927334521065369,Smooth,66.02403846153847,11.351057392191988,42,SUP-111,94.92,949.2,0.15145998689288573,Reasonably balanced
CB-1060,Molded Case,104,8505.0,81.77884615384616,14.663842812658423,0.0,0.009615384615384616,271,1.0,0.03184325988689435,Smooth,81.77884615384616,14.663842812658423,14,SUP-100,6.34,1718.1399999999999,3.313815402704291,Reasonably balanced
CB-1061,Trip Unit,104,556.0,5.346153846153846,14.111050018914106,80.76923076923077,0.07692307692307693,39,5.2,0.5192019046633197,Lumpy,27.8,20.55185994912434,7,SUP-101,27.39,1068.21,7.294964028776979,Overstocked / slow-moving
CB-1062,Terminal Block,104,4932.0,47.42307692307692,19.40858198113137,0.0,0.09615384615384616,216,1.0,0.16588688071807395,Smooth,47.42307692307692,19.40858198113137,42,SUP-102,21.77,4702.32,4.554744525547446,Reasonably balanced
CB-1063,Contact Assembly,104,2978.5,28.639423076923077,11.162405857085528,0.0,0.0,34,1.0,0.15044957780212612,Smooth,28.639423076923077,11.162405857085528,7,SUP-103,119.55,4064.7,1.1871747523921437,Reasonably balanced
CB-1064,Molded Case,104,7592.0,73.0,32.05214198497883,0.9615384615384616,0.019230769230769232,291,1.0097087378640777,0.17947792640692162,Smooth,73.70873786407768,31.379283495725662,14,SUP-104,138.93,40428.630000000005,3.9863013698630136,Reasonably balanced
CB-1065,Trip Unit,104,7253.5,69.7451923076923,12.30656056631451,0.0,0.04807692307692308,143,1.0,0.03083533847970053,Smooth,69.7451923076923,12.30656056631451,28,SUP-105,43.36,6200.48,2.0503205349141793,Reasonably balanced
CB-1066,Terminal Block,104,5014.0,48.21153846153846,8.455104825497841,0.0,0.0673076923076923,182,1.0,0.030460701261040297,Smooth,48.21153846153846,8.455104825497841,42,SUP-106,100.99,18380.18,3.7750299162345433,Reasonably balanced
CB-1067,Contact Assembly,104,8761.0,84.24038461538461,14.778293707298499,0.0,0.009615384615384616,33,1.0,0.030479777368861167,Smooth,84.24038461538461,14.778293707298499,14,SUP-107,145.96,4816.68,0.391736103184568,Reasonably balanced
CB-1068,Molded Case,104,6267.0,60.25961538461539,10.954446889129152,0.0,0.04807692307692308,197,1.0,0.03272895076596381,Smooth,60.25961538461539,10.954446889129152,35,SUP-108,171.64,33813.079999999994,3.2691878091590874,Reasonably balanced
CB-1069,Trip Unit,104,13320.0,128.07692307692307,24.276198862616994,0.0,0.057692307692307696,281,1.0,0.03558143729314901,Smooth,128.07692307692307,24.276198862616994,28,SUP-109,47.93,13468.33,2.193993993993994,Reasonably balanced
CB-1070,Terminal Block,104,609.0,5.855769230769231,14.17876045168366,82.6923076923077,0.0673076923076923,53,5.777777777777778,0.17804363124560163,Intermittent,33.833333333333336,14.689932526974344,28,SUP-110,31.72,1681.1599999999999,9.050903119868638,Overstocked / slow-moving
CB-1071,Contact Assembly,104,10259.0,98.64423076923077,17.280056560739173,0.0,0.009615384615384616,35,1.0,0.030391408194969324,Smooth,98.64423076923077,17.280056560739173,14,SUP-111,178.65,6252.75,0.3548104103713812,Reasonably balanced
CB-1072,Molded Case,104,508.0,4.884615384615385,12.25799338360004,83.65384615384616,0.09615384615384616,38,6.117647058823529,0.18298561597123192,Intermittent,29.88235294117647,13.176125914609614,21,SUP-100,135.38,5144.44,7.779527559055118,Overstocked / slow-moving
CB-1073,Trip Unit,104,711.0,6.836538461538462,14.490110840613456,75.96153846153845,0.08653846153846154,28,4.16,0.30988623618009936,Intermittent,28.44,16.158279611394278,14,SUP-101,94.6,2648.7999999999997,4.09563994374121,Reasonably balanced
CB-1074,Terminal Block,104,7729.0,74.3173076923077,13.28424457190373,0.0,0.07692307692307693,319,1.0,0.031644458958327314,Smooth,74.3173076923077,13.28424457190373,42,SUP-102,139.53,44510.07,4.292405227066891,Reasonably balanced
CB-1075,Contact Assembly,104,8716.0,83.8076923076923,33.434206343895085,0.0,0.038461538461538464,22,1.0,0.1576224805135423,Smooth,83.8076923076923,33.434206343895085,21,SUP-103,19.27,423.94,0.2625057365764112,Reasonably balanced
CB-1076,Molded Case,104,7336.0,70.53846153846153,29.841302932629354,0.0,0.028846153846153848,304,1.0,0.1772505051201764,Smooth,70.53846153846153,29.841302932629354,21,SUP-104,49.09,14923.36,4.309705561613959,Reasonably balanced
CB-1077,Trip Unit,104,1062.0,10.211538461538462,17.1683119010719,69.23076923076923,0.09615384615384616,70,3.25,0.16906948124031335,Intermittent,33.1875,13.86440673788635,42,SUP-105,24.29,1700.3,6.854990583804143,Overstocked / slow-moving
CB-1078,Terminal Block,104,1076.0,10.346153846153847,18.131541594620703,71.15384615384616,0.14423076923076922,54,3.466666666666667,0.1658731913599867,Intermittent,35.86666666666667,14.857329163919653,14,SUP-106,29.71,1604.3400000000001,5.219330855018587,Chronic stockouts
CB-1079,Contact Assembly,104,4756.0,45.73076923076923,8.88571534917797,0.0,0.038461538461538464,180,1.0,0.03739139476601111,Smooth,45.73076923076923,8.88571534917797,21,SUP-107,157.73,28391.399999999998,3.936080740117746,Reasonably balanced
CB-1080,Molded Case,104,5620.0,54.03846153846154,9.43441652069088,0.0,0.04807692307692308,133,1.0,0.030187560947809673,Smooth,54.03846153846154,9.43441652069088,28,SUP-108,57.58,7658.139999999999,2.461209964412811,Reasonably balanced
CB-1081,Trip Unit,104,766.0,7.365384615384615,16.424619037598603,79.8076923076923,0.08653846153846154,61,4.9523809523809526,0.19638827723960212,Intermittent,36.476190476190474,16.563873483032427,14,SUP-109,91.38,5574.179999999999,8.281984334203656,Overstocked / slow-moving
CB-1082,Terminal Block,104,8187.5,78.72596153846153,14.109295945445904,0.0,0.07692307692307693,68,1.0,0.0318110953907115,Smooth,78.72596153846153,14.109295945445904,42,SUP-110,4.97,337.96,0.8637557251908398,Reasonably balanced
CB-1083,Contact Assembly,104,10354.0,99.5576923076923,18.303709063920333,0.0,0.0,225,1.0,0.0334759145712513,Smooth,99.5576923076923,18.303709063920333,14,SUP-111,122.78,27625.5,2.2599961367587404,Reasonably balanced
CB-1084,Molded Case,104,13814.0,132.82692307692307,25.588013845872243,0.0,0.0,469,1.0,0.03675401724401143,Smooth,132.82692307692307,25.588013845872243,7,SUP-100,92.37,43321.53,3.5309106703344435,Reasonably balanced
CB-1085,Trip Unit,104,8899.0,85.5673076923077,32.69326833803639,0.0,0.057692307692307696,67,1.0,0.14457887084108192,Smooth,85.5673076923077,32.69326833803639,35,SUP-101,37.96,2543.32,0.7830093268906618,Reasonably balanced
CB-1086,Terminal Block,104,1148.0,11.038461538461538,18.023136735993862,65.38461538461539,0.09615384615384616,84,2.888888888888889,0.26009178210248995,Intermittent,31.88888888888889,16.493769867572556,28,SUP-102,129.48,10876.32,7.609756097560975,Overstocked / slow-moving
CB-1087,Contact Assembly,104,7151.0,68.75961538461539,28.597472626568482,0.0,0.07692307692307693,239,1.0,0.17131378632777594,Smooth,68.75961538461539,28.597472626568482,35,SUP-103,24.47,5848.33,3.4758774996503985,Reasonably balanced
CB-1088,Molded Case,104,430.0,4.134615384615385,11.985474778909575,86.53846153846155,0.09615384615384616,18,7.428571428571429,0.2549269875608437,Intermittent,30.714285714285715,16.093135523850254,7,SUP-104,73.07,1315.2599999999998,4.353488372093023,Reasonably balanced
CB-1089,Trip Unit,104,9454.0,90.90384615384616,15.912088114709405,0.0,0.0,264,1.0,0.030345459508231296,Smooth,90.90384615384616,15.912088114709405,7,SUP-105,120.16,31722.239999999998,2.904167548127776,Reasonably balanced
CB-1090,Terminal Block,104,746.0,7.173076923076923,14.581170400432626,77.88461538461539,0.09615384615384616,38,4.521739130434782,0.126203020218646,Intermittent,32.43478260869565,11.78144182778585,21,SUP-106,53.34,2026.92,5.297587131367292,Reasonably balanced
CB-1091,Contact Assembly,104,561.0,5.394230769230769,13.720099541963032,82.6923076923077,0.07692307692307693,47,5.777777777777778,0.28199262203666103,Intermittent,31.166666666666668,17.03024990317834,21,SUP-107,101.05,4749.349999999999,8.71301247771836,Overstocked / slow-moving
CB-1092,Molded Case,104,3001.5,28.860576923076923,12.16761113896137,0.9615384615384616,0.0,108,1.0097087378640777,0.1647291740880628,Smooth,29.140776699029125,11.88515664223371,7,SUP-108,21.3,2300.4,3.742128935532234,Reasonably balanced
CB-1093,Trip Unit,104,7845.0,75.4326923076923,14.651792973602218,0.0,0.08653846153846154,300,1.0,0.037365105710911825,Smooth,75.4326923076923,14.651792973602218,35,SUP-109,174.01,52203.0,3.977055449330784,Reasonably balanced
CB-1094,Terminal Block,104,5781.0,55.58653846153846,22.801213805589715,0.9615384615384616,0.028846153846153848,250,1.0097087378640777,0.15542280255802815,Smooth,56.12621359223301,22.235230661753477,21,SUP-110,168.11,42027.5,4.4974917834284724,Reasonably balanced
CB-1095,Contact Assembly,104,578.0,5.5576923076923075,13.666504246228197,81.73076923076923,0.07692307692307693,39,5.473684210526316,0.2767747033680151,Intermittent,30.42105263157895,16.44288359907202,21,SUP-111,141.8,5530.200000000001,7.017301038062284,Overstocked / slow-moving
CB-1096,Molded Case,104,5186.0,49.86538461538461,9.564353004480967,0.0,0.038461538461538464,197,1.0,0.036434828766344,Smooth,49.86538461538461,9.564353004480967,21,SUP-100,21.87,4308.39,3.950636328576938,Reasonably balanced
CB-1097,Trip Unit,104,1135.0,10.913461538461538,19.24754962435987,68.26923076923077,0.09615384615384616,0,3.1515151515151514,0.294793223233519,Intermittent,34.39393939393939,18.963681396849402,14,SUP-101,43.79,0.0,0.0,Reasonably balanced
CB-1098,Terminal Block,104,4828.0,46.42307692307692,18.28081508438191,0.0,0.0673076923076923,153,1.0,0.1535773439800556,Smooth,46.42307692307692,18.28081508438191,35,SUP-102,110.07,16840.71,3.295774647887324,Reasonably balanced
CB-1099,Contact Assembly,104,800.0,7.6923076923076925,14.612188636846131,73.07692307692307,0.0673076923076923,0,3.7142857142857144,0.2313875,Intermittent,28.571428571428573,13.995842164142816,35,SUP-103,75.73,0.0,0.0,Reasonably balanced
CB-1100,Molded Case,104,12640.0,121.53846153846153,22.67838587641703,0.0,0.057692307692307696,231,1.0,0.03448265502323346,Smooth,121.53846153846153,22.67838587641703,28,SUP-104,78.09,18038.79,1.9006329113924052,Reasonably balanced
CB-1101,Trip Unit,104,6023.0,57.91346153846154,24.453288371367634,0.0,0.08653846153846154,62,1.0,0.1765709999432415,Smooth,57.91346153846154,24.453288371367634,42,SUP-105,83.07,5150.339999999999,1.0705628424373235,Reasonably balanced
CB-1102,Terminal Block,104,8007.0,76.99038461538461,13.050681782813719,0.0,0.07692307692307693,298,1.0,0.028457536897627474,Smooth,76.99038461538461,13.050681782813719,42,SUP-106,44.51,13263.98,3.870613213438242,Reasonably balanced
CB-1103,Contact Assembly,104,7629.0,73.35576923076923,28.323004567878282,0.0,0.10576923076923077,318,1.0,0.14764338002084854,Smooth,73.35576923076923,28.323004567878282,42,SUP-107,21.19,6738.42,4.335037357451829,Reasonably balanced
CB-1104,Molded Case,104,12685.0,121.97115384615384,22.338723716821644,0.0,0.0673076923076923,439,1.0,0.03322051299420528,Smooth,121.97115384615384,22.338723716821644,35,SUP-108,108.01,47416.39,3.599211667323611,Reasonably balanced
CB-1105,Trip Unit,104,8543.0,82.14423076923077,14.039070495350222,0.0,0.019230769230769232,35,1.0,0.02892853634694364,Smooth,82.14423076923077,14.039070495350222,14,SUP-109,57.58,2015.3,0.4260798314409458,Reasonably balanced
CB-1106,Terminal Block,104,6660.0,64.03846153846153,11.468761351189814,0.0,0.057692307692307696,212,1.0,0.03176545915284656,Smooth,64.03846153846153,11.468761351189814,35,SUP-110,165.97,35185.64,3.3105105105105106,Reasonably balanced
CB-1107,Contact Assembly,104,11611.0,111.64423076923077,20.712042493605214,0.0,0.0,414,1.0,0.034086088776215565,Smooth,111.64423076923077,20.712042493605214,7,SUP-111,29.77,12324.78,3.7082077340453017,Reasonably balanced
CB-1108,Molded Case,104,11105.0,106.77884615384616,19.85674751707046,0.0,0.009615384615384616,384,1.0,0.03424913959318778,Smooth,106.77884615384616,19.85674751707046,14,SUP-100,6.25,2400.0,3.5962179198559205,Reasonably balanced
CB-1109,Trip Unit,104,5088.0,48.92307692307692,9.861853847751638,0.0,0.028846153846153848,158,1.0,0.040243290415727224,Smooth,48.92307692307692,9.861853847751638,14,SUP-101,11.98,1892.8400000000001,3.2295597484276732,Reasonably balanced
CB-1110,Terminal Block,104,9151.0,87.99038461538461,32.174432106939086,0.0,0.019230769230769232,260,1.0,0.13242050311890377,Smooth,87.99038461538461,32.174432106939086,14,SUP-102,123.33,32065.8,2.954868320402142,Reasonably balanced
CB-1111,Contact Assembly,104,11150.0,107.21153846153847,19.803242392614454,0.0,0.0673076923076923,341,1.0,0.0337904080114219,Smooth,107.21153846153847,19.803242392614454,35,SUP-103,92.05,31389.05,3.1806278026905828,Reasonably balanced
CB-1112,Molded Case,104,339.0,3.2596153846153846,10.500111134231737,88.46153846153845,0.0673076923076923,0,8.666666666666666,0.3011721095361161,Intermittent,28.25,16.192731253699773,14,SUP-104,153.58,0.0,0.0,Reasonably balanced
CB-1113,Trip Unit,104,12990.0,124.90384615384616,21.338928932261368,0.0,0.019230769230769232,499,1.0,0.028906632152049208,Smooth,124.90384615384616,21.338928932261368,21,SUP-105,44.52,22215.480000000003,3.9950731331793685,Reasonably balanced
CB-1114,Terminal Block,104,4958.0,47.67307692307692,8.482354394370427,0.0,0.019230769230769232,158,1.0,0.03135381171180393,Smooth,47.67307692307692,8.482354394370427,14,SUP-106,103.89,16414.62,3.3142396127470755,Reasonably balanced
CB-1115,Contact Assembly,104,6034.0,58.01923076923077,10.582987602137933,0.0,0.028846153846153848,231,1.0,0.03295160151473987,Smooth,58.01923076923077,10.582987602137933,14,SUP-107,68.82,15897.419999999998,3.981438515081207,Reasonably balanced
CB-1116,Molded Case,104,5780.0,55.57692307692308,24.560483023812004,0.9615384615384616,0.0,178,1.0097087378640777,0.18193921289256584,Smooth,56.116504854368934,24.053168626971484,7,SUP-108,20.55,3657.9,3.202768166089965,Reasonably balanced
CB-1117,Trip Unit,104,678.0,6.519230769230769,14.793058441151233,81.73076923076923,0.10576923076923077,30,5.473684210526316,0.11433071414275899,Intermittent,35.68421052631579,12.396471861779183,7,SUP-109,166.66,4999.8,4.601769911504425,Reasonably balanced
CB-1118,Terminal Block,104,12606.0,121.21153846153847,21.517512884089395,0.0,0.0,390,1.0,0.031210455124771667,Smooth,121.21153846153847,21.517512884089395,7,SUP-110,152.23,59369.7,3.2175154688243692,Reasonably balanced
CB-1119,Contact Assembly,104,852.0,8.192307692307692,17.332878529488358,76.92307692307693,0.08653846153846154,19,4.333333333333333,0.2538517489916022,Intermittent,35.5,18.270908213784054,14,SUP-111,144.86,2752.34,2.31924882629108,Reasonably balanced
CB-1120,Molded Case,104,414.0,3.980769230769231,10.799119677561972,86.53846153846155,0.057692307692307696,17,7.428571428571429,0.11577866461294314,Intermittent,29.571428571428573,10.441885224085112,42,SUP-100,116.54,1981.18,4.270531400966184,Reasonably balanced
CB-1121,Trip Unit,104,995.0,9.567307692307692,17.02640121435453,71.15384615384616,0.0673076923076923,64,3.466666666666667,0.19327289714906187,Intermittent,33.166666666666664,14.83026572955439,35,SUP-101,97.65,6249.6,6.689447236180905,Overstocked / slow-moving
CB-1122,Terminal Block,104,6201.0,59.625,20.493990357582852,0.0,0.009615384615384616,205,1.0,0.11700385107291482,Smooth,59.625,20.493990357582852,7,SUP-102,154.72,31717.6,3.438155136268344,Reasonably balanced
CB-1123,Contact Assembly,104,6605.0,63.50961538461539,97.09518852549849,0.0,0.019230769230769232,163,1.0,2.314836591231954,Erratic,63.50961538461539,97.09518852549849,35,SUP-103,116.02,18911.26,2.5665404996214987,Reasonably balanced
CB-1124,Molded Case,104,10362.0,99.63461538461539,18.53784253023737,0.0,0.028846153846153848,28,1.0,0.03428481146183136,Smooth,99.63461538461539,18.53784253023737,21,SUP-104,27.31,764.68,0.28102682879752944,Reasonably balanced
CB-1125,Trip Unit,104,7500.0,72.11538461538461,30.15986778971939,0.0,0.0,290,1.0,0.1732235377777778,Smooth,72.11538461538461,30.15986778971939,7,SUP-105,43.78,12696.2,4.021333333333334,Reasonably balanced
CB-1126,Terminal Block,104,13121.0,126.16346153846153,23.78671840265988,0.0,0.009615384615384616,460,1.0,0.035205114042297266,Smooth,126.16346153846153,23.78671840265988,21,SUP-106,67.53,31063.8,3.646063562228489,Reasonably balanced
CB-1127,Contact Assembly,104,6995.0,67.25961538461539,11.720859500200927,0.0,0.009615384615384616,23,1.0,0.03007558242612793,Smooth,67.25961538461539,11.720859500200927,21,SUP-107,124.22,2857.06,0.34195854181558255,Reasonably balanced
CB-1128,Molded Case,104,7981.0,76.74038461538461,13.433037950832222,0.0,0.028846153846153848,54,1.0,0.030346207689949514,Smooth,76.74038461538461,13.433037950832222,21,SUP-108,170.92,9229.679999999998,0.7036712191454705,Reasonably balanced
CB-1129,Trip Unit,104,1166.0,11.211538461538462,18.107914418851447,67.3076923076923,0.038461538461538464,39,3.0588235294117645,0.17153247089490978,Intermittent,34.294117647058826,14.417013122685265,42,SUP-109,60.78,2370.42,3.478559176672384,Reasonably balanced
CB-1130,Terminal Block,104,2319.0,22.298076923076923,9.13850257293714,0.0,0.057692307692307696,106,1.0,0.1663485974925252,Smooth,22.298076923076923,9.13850257293714,21,SUP-110,153.12,16230.720000000001,4.753773178094006,Reasonably balanced
CB-1131,Contact Assembly,104,4108.0,39.5,14.568219167377247,0.0,0.028846153846153848,37,1.0,0.13471706950316148,Smooth,39.5,14.568219167377247,14,SUP-111,97.06,3591.2200000000003,0.9367088607594937,Reasonably balanced
CB-1132,Molded Case,104,6058.0,58.25,21.088693883423364,0.0,0.0673076923076923,85,1.0,0.1298109689312327,Smooth,58.25,21.088693883423364,35,SUP-100,53.65,4560.25,1.4592274678111588,Reasonably balanced
CB-1133,Trip Unit,104,3873.0,37.24038461538461,14.641008501729731,0.0,0.009615384615384616,45,1.0,0.15307968351472181,Smooth,37.24038461538461,14.641008501729731,7,SUP-101,125.83,5662.35,1.2083656080557708,Reasonably balanced
CB-1134,Terminal Block,104,966.0,9.288461538461538,18.19883335475751,76.92307692307693,0.125,1,4.333333333333333,0.10813626017514755,Intermittent,40.25,13.520515812131094,14,SUP-102,25.95,25.95,0.10766045548654245,Chronic stockouts
CB-1135,Contact Assembly,104,3789.5,36.4375,14.171742618145144,0.0,0.07692307692307693,0,1.0,0.14981429457626097,Smooth,36.4375,14.171742618145144,28,SUP-103,131.31,0.0,0.0,Reasonably balanced
CB-1136,Molded Case,104,7808.0,75.07692307692308,13.80213315980598,0.0,0.0,227,1.0,0.03347213240728299,Smooth,75.07692307692308,13.80213315980598,7,SUP-104,168.63,38279.01,3.0235655737704916,Reasonably balanced
CB-1137,Trip Unit,104,11767.0,113.14423076923077,21.12442026284685,0.0,0.08653846153846154,6,1.0,0.03452301008832809,Smooth,113.14423076923077,21.12442026284685,42,SUP-105,144.66,867.96,0.05302965921645279,Reasonably balanced
CB-1138,Terminal Block,104,6851.0,65.875,25.040428475815407,0.9615384615384616,0.08653846153846154,182,1.0097087378640777,0.13211077735072763,Smooth,66.51456310679612,24.29430017783559,42,SUP-106,141.42,25738.44,2.76280834914611,Reasonably balanced
CB-1139,Contact Assembly,104,669.0,6.4326923076923075,16.155052366146943,83.65384615384616,0.057692307692307696,52,6.117647058823529,0.18452009893623444,Intermittent,39.35294117647059,17.42462760172577,42,SUP-107,47.48,2468.96,8.083707025411062,Overstocked / slow-moving
CB-1140,Molded Case,104,3046.0,29.28846153846154,10.793447380147867,0.0,0.0673076923076923,47,1.0,0.13450273740918953,Smooth,29.28846153846154,10.793447380147867,42,SUP-108,19.37,910.3900000000001,1.6047275114904793,Reasonably balanced
CB-1141,Trip Unit,104,3664.0,35.23076923076923,14.24421583799657,0.0,0.028846153846153848,0,1.0,0.16189622623519764,Smooth,35.23076923076923,14.24421583799657,14,SUP-109,102.78,0.0,0.0,Reasonably balanced
CB-1142,Terminal Block,104,6837.0,65.74038461538461,24.863899510731642,0.0,0.009615384615384616,200,1.0,0.14166999806972225,Smooth,65.74038461538461,24.863899510731642,14,SUP-110,85.21,17042.0,3.04227000146263,Reasonably balanced
CB-1143,Contact Assembly,104,3808.5,36.62019230769231,15.986112782800147,0.0,0.057692307692307696,70,1.0,0.18873323731944378,Smooth,36.62019230769231,15.986112782800147,35,SUP-111,144.37,10105.9,1.9115137193120653,Reasonably balanced
CB-1144,Molded Case,104,3236.0,31.115384615384617,10.942309168896763,0.0,0.07692307692307693,44,1.0,0.12248178327560309,Smooth,31.115384615384617,10.942309168896763,35,SUP-100,108.93,4792.92,1.4140914709517922,Reasonably balanced
CB-1145,Trip Unit,104,504.0,4.846153846153846,13.047909649768759,82.6923076923077,0.0673076923076923,0,5.777777777777778,0.41567460317460314,Intermittent,28.0,18.575759029698133,42,SUP-101,23.29,0.0,0.0,Reasonably balanced
CB-1146,Terminal Block,104,9921.0,95.39423076923077,18.215227956290487,0.0,0.009615384615384616,16,1.0,0.03611011620366564,Smooth,95.39423076923077,18.215227956290487,7,SUP-102,119.27,1908.32,0.16772502771897993,Reasonably balanced
CB-1147,Contact Assembly,104,4759.0,45.75961538461539,8.406533742237203,0.0,0.07692307692307693,29,1.0,0.03342512771832633,Smooth,45.75961538461539,8.406533742237203,42,SUP-103,121.64,3527.56,0.6337465854171044,Reasonably balanced
CB-1148,Molded Case,104,5489.0,52.77884615384615,9.179923991022797,0.0,0.0673076923076923,174,1.0,0.029961411751773314,Smooth,52.77884615384615,9.179923991022797,35,SUP-104,161.96,28181.04,3.2967753689196577,Reasonably balanced
CB-1149,Trip Unit,104,821.0,7.894230769230769,16.672119782538626,77.88461538461539,0.10576923076923077,0,4.521739130434782,0.19807697157888016,Intermittent,35.69565217391305,16.243697470400065,28,SUP-105,67.14,0.0,0.0,Reasonably balanced
CB-1150,Terminal Block,104,10152.0,97.61538461538461,18.425029247283618,0.0,0.009615384615384616,276,1.0,0.035284479691199674,Smooth,97.61538461538461,18.425029247283618,14,SUP-106,30.48,8412.48,2.8274231678487,Reasonably balanced
CB-1151,Contact Assembly,104,10216.5,98.23557692307692,18.566719982971257,0.0,0.009615384615384616,38,1.0,0.03537827557387838,Smooth,98.23557692307692,18.566719982971257,7,SUP-107,80.23,3048.7400000000002,0.38682523369059857,Reasonably balanced
CB-1152,Molded Case,104,8671.0,83.375,15.356088890710984,0.0,0.09615384615384616,84,1.0,0.03359645284035413,Smooth,83.375,15.356088890710984,42,SUP-108,132.02,11089.68,1.0074962518740629,Reasonably balanced
CB-1153,Trip Unit,104,4389.0,42.20192307692308,17.57170044304321,0.0,0.07692307692307693,80,1.0,0.17169869099933494,Smooth,42.20192307692308,17.57170044304321,42,SUP-109,141.0,11280.0,1.895648211437685,Reasonably balanced
CB-1154,Terminal Block,104,9394.0,90.32692307692308,32.29639503393839,0.0,0.08653846153846154,47,1.0,0.12661278139068285,Smooth,90.32692307692308,32.29639503393839,42,SUP-110,69.3,3257.1,0.5203321268895039,Reasonably balanced
CB-1155,Contact Assembly,104,867.0,8.336538461538462,16.802456233367625,74.03846153846155,0.10576923076923077,33,3.8518518518518516,0.3041151327211119,Intermittent,32.111111111111114,18.045526471705546,7,SUP-111,171.34,5654.22,3.958477508650519,Reasonably balanced
CB-1156,Molded Case,104,5432.0,52.23076923076923,9.588859605226927,0.0,0.0673076923076923,168,1.0,0.033379894629761785,Smooth,52.23076923076923,9.588859605226927,35,SUP-100,153.47,25782.96,3.2164948453608244,Reasonably balanced
CB-1157,Trip Unit,104,3576.0,34.38461538461539,13.62629360906838,0.0,0.009615384615384616,98,1.0,0.155536036915254,Smooth,34.38461538461539,13.62629360906838,7,SUP-101,106.92,10478.16,2.850111856823266,Reasonably balanced
CB-1158,Terminal Block,104,3291.0,31.64423076923077,10.890378999022259,0.0,0.0,27,1.0,0.11730074960198715,Smooth,31.64423076923077,10.890378999022259,7,SUP-102,4.68,126.35999999999999,0.853236098450319,Reasonably balanced
CB-1159,Contact Assembly,104,5807.0,55.83653846153846,20.549306357756073,0.9615384615384616,0.0673076923076923,14,1.0097087378640777,0.12323570814355068,Smooth,56.37864077669903,19.888471636019503,35,SUP-103,54.93,769.02,0.25073187532288616,Reasonably balanced
CB-1160,Molded Case,104,5579.0,53.64423076923077,19.58646167524746,0.0,0.07692307692307693,86,1.0,0.1320291463767301,Smooth,53.64423076923077,19.58646167524746,35,SUP-104,81.01,6966.860000000001,1.603154687219932,Reasonably balanced
CB-1161,Trip Unit,104,10856.0,104.38461538461539,17.297683605126494,0.0,0.04807692307692308,234,1.0,0.027196110237101324,Smooth,104.38461538461539,17.297683605126494,28,SUP-105,141.18,33036.12,2.2417096536477525,Reasonably balanced
CB-1162,Terminal Block,104,12614.0,121.28846153846153,23.324504001812038,0.0,0.07692307692307693,120,1.0,0.03662602142190824,Smooth,121.28846153846153,23.324504001812038,42,SUP-106,179.47,21536.4,0.9893768828286031,Reasonably balanced
CB-1163,Contact Assembly,104,1121.0,10.778846153846153,17.810194926387172,67.3076923076923,0.07692307692307693,87,3.0588235294117645,0.21090271605016864,Intermittent,32.970588235294116,15.36916490725908,35,SUP-107,151.05,13141.35,8.07136485280999,Overstocked / slow-moving
CB-1164,Molded Case,104,5610.0,53.94230769230769,9.119303034044673,0.0,0.0,204,1.0,0.028305324398435448,Smooth,53.94230769230769,9.119303034044673,14,SUP-108,179.84,36687.36,3.7818181818181817,Reasonably balanced
CB-1165,Trip Unit,104,8703.0,83.6826923076923,32.366908794540684,0.0,0.0,285,1.0,0.14816139043422938,Smooth,83.6826923076923,32.366908794540684,7,SUP-109,18.55,5286.75,3.405722164770769,Reasonably balanced
CB-1166,Terminal Block,104,681.0,6.548076923076923,15.456094915996017,80.76923076923077,0.09615384615384616,56,5.2,0.25344735758289294,Intermittent,34.05,17.587301040658193,28,SUP-110,7.65,428.40000000000003,8.552129221732745,Overstocked / slow-moving
CB-1167,Contact Assembly,104,5047.0,48.52884615384615,8.325836184448761,0.0,0.028846153846153848,29,1.0,0.02915141753116111,Smooth,48.52884615384615,8.325836184448761,21,SUP-111,140.38,4071.02,0.5975827224093521,Reasonably balanced
CB-1168,Molded Case,104,5960.0,57.30769230769231,10.941217094823443,0.0,0.0,11,1.0,0.03610017566776271,Smooth,57.30769230769231,10.941217094823443,7,SUP-100,164.14,1805.54,0.19194630872483223,Reasonably balanced
CB-1169,Trip Unit,104,5691.0,54.72115384615385,21.962216774406098,1.9230769230769231,0.11538461538461539,93,1.0196078431372548,0.1372325621742549,Smooth,55.794117647058826,20.770951839115458,42,SUP-101,3.46,321.78,1.6995255666842382,Chronic stockouts
CB-1170,Terminal Block,104,10504.5,101.0048076923077,18.48175368789808,0.0,0.0,293,1.0,0.03315936071596631,Smooth,101.0048076923077,18.48175368789808,7,SUP-102,110.05,32244.649999999998,2.900852015802751,Reasonably balanced
CB-1171,Contact Assembly,104,1032.0,9.923076923076923,17.271499790224766,68.26923076923077,0.1346153846153846,0,3.1515151515151514,0.2693404092302145,Intermittent,31.272727272727273,16.481566838578953,42,SUP-103,153.27,0.0,0.0,Chronic stockouts
CB-1172,Molded Case,104,12358.0,118.82692307692308,23.276073096425478,0.0,0.019230769230769232,28,1.0,0.03800087590267385,Smooth,118.82692307692308,23.276073096425478,14,SUP-104,144.67,4050.7599999999998,0.23563683443922964,Reasonably balanced
CB-1173,Trip Unit,104,1236.0,11.884615384615385,19.77853484531485,66.34615384615384,0.038461538461538464,37,2.9714285714285715,0.2596550622636964,Intermittent,35.31428571428572,18.257587348779666,7,SUP-105,126.42,4677.54,3.1132686084142396,Reasonably balanced
CB-1174,Terminal Block,104,836.0,8.038461538461538,16.10760121891626,74.03846153846155,0.09615384615384616,50,3.8518518518518516,0.29202055813740535,Intermittent,30.962962962962962,17.05078721729131,35,SUP-106,9.63,481.50000000000006,6.220095693779904,Overstocked / slow-moving
CB-1175,Contact Assembly,104,6930.0,66.63461538461539,12.53272043109687,0.0,0.0,261,1.0,0.03503440923354343,Smooth,66.63461538461539,12.53272043109687,7,SUP-107,92.05,24025.05,3.916883116883117,Reasonably balanced
CB-1176,Molded Case,104,5997.0,57.66346153846154,22.18790476810522,0.0,0.0,35,1.0,0.14663412524449096,Smooth,57.66346153846154,22.18790476810522,7,SUP-108,114.33,4001.5499999999997,0.6069701517425379,Reasonably balanced
CB-1177,Trip Unit,104,569.0,5.471153846153846,13.99233960378864,82.6923076923077,0.08653846153846154,0,5.777777777777778,0.29423247395455293,Intermittent,31.61111111111111,17.643992108259962,21,SUP-109,132.9,0.0,0.0,Reasonably balanced
CB-1178,Terminal Block,104,9662.0,92.90384615384616,17.694423031642014,0.0,0.0,377,1.0,0.035926036742368134,Smooth,92.90384615384616,17.694423031642014,7,SUP-110,50.56,19061.120000000003,4.05795901469675,Reasonably balanced
CB-1179,Contact Assembly,104,5543.0,53.29807692307692,20.7551045576241,0.0,0.0673076923076923,105,1.0,0.15018641751502182,Smooth,53.29807692307692,20.7551045576241,28,SUP-111,111.05,11660.25,1.9700523182392207,Reasonably balanced
CB-1180,Molded Case,104,9318.0,89.59615384615384,15.695846479689004,0.0,0.09615384615384616,84,1.0,0.03039447429985818,Smooth,89.59615384615384,15.695846479689004,42,SUP-100,111.89,9398.76,0.9375402446877013,Reasonably balanced
CB-1181,Trip Unit,104,7950.0,76.4423076923077,12.803084369796771,0.0,0.009615384615384616,217,1.0,0.027782128871484506,Smooth,76.4423076923077,12.803084369796771,14,SUP-101,128.45,27873.649999999998,2.83874213836478,Reasonably balanced
CB-1182,Terminal Block,104,9992.0,96.07692307692308,16.960085814316415,0.0,0.07692307692307693,66,1.0,0.03086183919112872,Smooth,96.07692307692308,16.960085814316415,42,SUP-102,18.78,1239.48,0.6869495596477182,Reasonably balanced
CB-1183,Contact Assembly,104,8500.0,81.73076923076923,14.362323127409836,0.0,0.009615384615384616,40,1.0,0.030583141868512114,Smooth,81.73076923076923,14.362323127409836,21,SUP-103,83.89,3355.6,0.4894117647058824,Reasonably balanced
CB-1184,Molded Case,104,712.0,6.846153846153846,15.03895861838898,76.92307692307693,0.0673076923076923,47,4.333333333333333,0.3336384294912258,Intermittent,29.666666666666668,17.504450779771673,42,SUP-104,115.46,5426.62,6.865168539325843,Overstocked / slow-moving
CB-1185,Trip Unit,104,7244.0,69.65384615384616,27.13961359047286,0.0,0.0,43,1.0,0.15035608211796062,Smooth,69.65384615384616,27.13961359047286,21,SUP-105,170.42,7328.0599999999995,0.6173384870237437,Reasonably balanced
CB-1186,Terminal Block,104,10355.0,99.5673076923077,18.122433891639204,0.0,0.0,251,1.0,0.032809786616635285,Smooth,99.5673076923077,18.122433891639204,7,SUP-106,105.1,26380.1,2.5209077740222114,Reasonably balanced
CB-1187,Contact Assembly,104,4650.5,44.71634615384615,17.733157525950624,0.9615384615384616,0.028846153846153848,65,1.0097087378640777,0.14464247318021006,Smooth,45.150485436893206,17.25555252373263,14,SUP-107,169.46,11014.9,1.45360713901731,Reasonably balanced
CB-1188,Molded Case,104,9528.0,91.61538461538461,17.213286633988254,0.0,0.04807692307692308,200,1.0,0.03496187118473916,Smooth,91.61538461538461,17.213286633988254,28,SUP-108,92.73,18546.0,2.18303946263644,Reasonably balanced
CB-1189,Trip Unit,104,10378.0,99.78846153846153,18.33807280264236,0.0,0.0673076923076923,47,1.0,0.03344649526748049,Smooth,99.78846153846153,18.33807280264236,42,SUP-109,23.66,1112.02,0.4709963384081712,Reasonably balanced
CB-1190,Terminal Block,104,4922.0,47.32692307692308,8.889223657707339,0.0,0.009615384615384616,164,1.0,0.03493936535512714,Smooth,47.32692307692308,8.889223657707339,21,SUP-110,51.86,8505.039999999999,3.4652580251930107,Reasonably balanced
CB-1191,Contact Assembly,104,12631.0,121.45192307692308,21.91150773048608,0.0,0.057692307692307696,149,1.0,0.03223588653785378,Smooth,121.45192307692308,21.91150773048608,28,SUP-111,110.95,16531.55,1.2268228960494023,Reasonably balanced
CB-1192,Molded Case,104,5258.0,50.55769230769231,18.874046969099787,0.0,0.019230769230769232,86,1.0,0.13802554270396855,Smooth,50.55769230769231,18.874046969099787,21,SUP-100,75.6,6501.599999999999,1.701027006466337,Reasonably balanced
CB-1193,Trip Unit,104,7242.5,69.63942307692308,12.25764210422178,0.0,0.08653846153846154,34,1.0,0.030683678937026605,Smooth,69.63942307692308,12.25764210422178,42,SUP-101,106.92,3635.28,0.4882292026234035,Reasonably balanced
CB-1194,Terminal Block,104,12584.0,121.0,20.718173627195092,0.0,0.009615384615384616,424,1.0,0.029035952777500488,Smooth,121.0,20.718173627195092,14,SUP-102,8.9,3773.6000000000004,3.5041322314049586,Reasonably balanced
CB-1195,Contact Assembly,104,11113.0,106.85576923076923,18.838309588187663,0.0,0.038461538461538464,439,1.0,0.030781642851840894,Smooth,106.85576923076923,18.838309588187663,21,SUP-103,42.54,18675.06,4.108341581931072,Reasonably balanced
CB-1196,Molded Case,104,8996.0,86.5,35.154582349875454,0.0,0.038461538461538464,55,1.0,0.16358201589916652,Smooth,86.5,35.154582349875454,21,SUP-104,102.92,5660.6,0.6358381502890174,Reasonably balanced
CB-1197,Trip Unit,104,5413.0,52.04807692307692,19.863798269786248,0.0,0.038461538461538464,184,1.0,0.14425108945836515,Smooth,52.04807692307692,19.863798269786248,28,SUP-105,118.31,21769.04,3.535193053759468,Reasonably balanced
CB-1198,Terminal Block,104,12751.0,122.60576923076923,23.113656816725776,0.0,0.04807692307692308,288,1.0,0.035198114035487775,Smooth,122.60576923076923,23.113656816725776,28,SUP-106,142.27,40973.76,2.3489922359030664,Reasonably balanced
CB-1199,Contact Assembly,104,2470.0,23.75,9.754013363689282,0.9615384615384616,0.028846153846153848,36,1.0097087378640777,0.1558271730400433,Smooth,23.980582524271846,9.512613486503756,14,SUP-107,113.62,4090.32,1.5157894736842106,Reasonably balanced
CB-1200,Molded Case,104,9319.0,89.60576923076923,16.343056641075837,0.0,0.038461538461538464,360,1.0,0.03294568276470661,Smooth,89.60576923076923,16.343056641075837,21,SUP-108,93.51,33663.6,4.017598454769825,Reasonably balanced
